References,Quantity,Value,MPN,Manufacturer,Footprint
"J101,J102,J103,J104",4,M3 REGULATOR STANDOFF,9774100360R,Wurth Elektronik,Mounting_Wuerth:Mounting_Wuerth_WA-SMSI-M3_H10mm_9774100360
J105,1,UBEC OUT MONITOR,TSW-103-07-G-S,Samtec,Connector_PinHeader_2.54mm:PinHeader_1x03_P2.54mm_Vertical
U101,1,TLV76750DRVR,TLV76750DRVR,Texas Instruments,Package_SON:WSON-6-1EP_2x2mm_P0.65mm_EP1x1.6mm_ThermalVias
"C101,C102,C103,C104,C105,C201",6,10uF,GRM188R61C106KAALD,Murata,Capacitor_SMD:C_0603_1608Metric
"D101,D102",2,SS14,SS14-E3/61T,Vishay,Diode_SMD:D_SMA
U102,1,TLV1117LV33DCYR,TLV1117LV33DCYR,Texas Instruments,Package_TO_SOT_SMD:SOT-223-3_TabPin2
F101,1,MF-RG900-0,MF-RG900-0,Bourns,Fuse:Fuse_Bourns_MF-RG900
J106,1,SERVO GND / V+ / PWM,1711738,Phoenix Contact,TerminalBlock_Phoenix:TerminalBlock_Phoenix_MKDS-3-3-5.08_1x03_P5.08mm_Horizontal
"R301,R611,R612,R604",4,100,RC0603FR-07100RL,Yageo,Resistor_SMD:R_0603_1608Metric
"R302,R203,R402,R403,R621,R622",6,100k,RC0603FR-07100KL,Yageo,Resistor_SMD:R_0603_1608Metric
U201,1,ESP32-WROOM-32E-N4,ESP32-WROOM-32E-N4,Espressif,RF_Module:ESP32-WROOM-32E
"C202,C204,C401,C501,C601,C602",6,100nF,GRM188R71H104KA93D,Murata,Capacitor_SMD:C_0603_1608Metric
"C203,C502,C603",3,1uF,GRM188R61E105KA12D,Murata,Capacitor_SMD:C_0603_1608Metric
"R201,R202,R603",3,10k,RC0603FR-0710KL,Yageo,Resistor_SMD:R_0603_1608Metric
"SW201,SW202",2,RESET,TL3342F160QG,E-Switch,Button_Switch_SMD:SW_SPST_TL3342
J201,1,UART PROGRAM,TSW-106-07-G-S,Samtec,Connector_PinHeader_2.54mm:PinHeader_1x06_P2.54mm_Vertical
R204,1,33k,RC0603FR-0733KL,Yageo,Resistor_SMD:R_0603_1608Metric
J401,1,20-PIN CONTROL,TSW-110-07-G-D,Samtec,Connector_PinHeader_2.54mm:PinHeader_2x10_P2.54mm_Vertical
U401,1,SN65HVD230DR,SN65HVD230DR,Texas Instruments,Package_SO:SOIC-8_3.9x4.9mm_P1.27mm
U501,1,AS5600-ASOM,AS5600-ASOM,ams OSRAM,Package_SO:SOIC-8_3.9x4.9mm_P1.27mm
"R501,R502",2,4.7k,RC0603FR-074K7L,Yageo,Resistor_SMD:R_0603_1608Metric
"D601,D602",2,TSAL6200,TSAL6200,Vishay,LED_THT:LED_D5.0mm_Horizontal_O1.27mm_Z3.0mm
"R601,R602",2,220,RC0603FR-07220RL,Yageo,Resistor_SMD:R_0603_1608Metric
"Q601,Q602",2,"2N7002P,215","2N7002P,215",Nexperia,Package_TO_SOT_SMD:SOT-23
Q603,1,TEFT4300,TEFT4300,Vishay,LED_THT:LED_D3.0mm_Horizontal_O1.27mm_Z2.0mm
U601,1,TSSP4038,TSSP4038,Vishay,OptoDevice:Vishay_MOLD-3Pin
