Ref,Val,Package,PosX,PosY,Rot,Side,Assembly
J105,UBEC OUT MONITOR,PinHeader_1x03_P2.54mm_Vertical,191.000000,-150.000000,90.000000,top,MANUAL THT
F101,MF-RG900-0,Fuse_Bourns_MF-RG900,145.000000,-150.000000,0.000000,top,MANUAL THT
J106,SERVO GND / V+ / PWM,TerminalBlock_Phoenix_MKDS-3-3-5.08_1x03_P5.08mm_Horizontal,145.000000,-167.000000,0.000000,top,MANUAL THT
J201,UART PROGRAM,PinHeader_1x06_P2.54mm_Vertical,205.000000,-145.000000,90.000000,top,MANUAL THT
J401,20-PIN CONTROL,PinHeader_2x10_P2.54mm_Vertical,122.000000,-125.000000,0.000000,top,MANUAL THT
D601,TSAL6200,LED_D5.0mm_Horizontal_O1.27mm_Z3.0mm,267.341400,-101.100000,180.000000,top,MANUAL THT
D602,TSAL6200,LED_D5.0mm_Horizontal_O1.27mm_Z3.0mm,237.650000,-138.675100,90.000000,top,MANUAL THT
Q603,TEFT4300,LED_D3.0mm_Horizontal_O1.27mm_Z2.0mm,295.280000,-135.847600,90.000000,top,MANUAL THT
U601,TSSP4038,Vishay_MOLD-3Pin,268.611400,-172.120000,180.000000,top,MANUAL THT
